Workbook
Name A_h_nh: 'Analisis atico'!$G$3
Name A_nh_e: 'Analisis atico'!$G$13
Name grosor_muros: Dimensiones!$I$2
Name knownX: 'Tabla 7 Coef b'!$B$3:$B$10
Name knownY: 'Tabla 7 Coef b'!$G$3:$G$11
Name l: Dimensiones!$C$2

Sheet Dimensiones
B1: exterior | C1: interior | I1: grosor muros
A2: largo | B2: 9 | C2: =B2-2*I2 -> 8 | I2: 0.5

Sheet Sheet1
A1: Código del elemento | B1: Tipo de Contacto | C1: Descripción | D1: ¿ a ET?  ET=1  ET=0 | E1: Contacto EXTERIOR o TERRENO ( btr.x) SI=1 N0=0 | F1: Sup. Parte OPACA ( m 2) | G1: Sup. HUECO ( m 2) | H1: Sup. E.T. en contacto EXTERIOR o TERRENO (m2) | I1: U W/ m2K | J1: U x Área W/ K
A2: PLANTA CÁMARA SANITARIA. P01 La planta 01 correspondiente al nivel de cámara sanitaria. no se incluye en ninguna de las opciones dentro de la envolvente térmica por lo que no se detallan en la tabla las características de sus cerramientos.
A3: TOTALES PLANTA 01
A4: PLANTA BAJA. P02
A5: M2.N1 | B5: EXTERIOR | C5: M. FACHADA | D5: 1 | E5: 1 | F5: 25.4 | H5: 25.4 | I5: 0.22 | J5: 5.59 | K5: =I5*IF(F5>0,F5,G5) -> 5.588
A6: H2-N1 | B6: EXTERIOR | C6: VENTANA | D6: 1 | E6: 1 | G6: 6.6 | H6: 6.6 | I6: 1.14 | J6: 7.52 | K6: =I6*IF(F6>0,F6,G6) -> 7.524
A7: M2.E1 | B7: EXTERIOR | C7: M. FACHADA | D7: 1 | E7: 1 | F7: 25.4 | H7: 25.4 | I7: 0.22 | J7: 5.59 | K7: =I7*IF(F7>0,F7,G7) -> 5.588
A8: H2-E1 | B8: EXTERIOR | C8: VENTANA | D8: 1 | E8: 1 | G8: 6.6 | H8: 6.6 | I8: 1.14 | J8: 7.52 | K8: =I8*IF(F8>0,F8,G8) -> 7.524
A9: M2.S1 | B9: EXTERIOR | C9: M. FACHADA | D9: 1 | E9: 1 | F9: 21 | H9: 21 | I9: 0.22 | J9: 4.62 | K9: =I9*IF(F9>0,F9,G9) -> 4.62
A10: H2-S1 | B10: EXTERIOR | C10: VENTANA | D10: 1 | E10: 1 | G10: 11 | H10: 11 | I10: 1.14 | J10: 12.54 | K10: =I10*IF(F10>0,F10,G10) -> 12.54
A11: M2.O1 | B11: EXTERIOR | C11: M. FACHADA | D11: 1 | E11: 1 | F11: 27.6 | H11: 27.6 | I11: 0.22 | J11: 6.07 | K11: =I11*IF(F11>0,F11,G11) -> 6.072
A12: H2-O1 | B12: EXTERIOR | C12: PUERTA | D12: 1 | E12: 1 | G12: 2.2 | H12: 2.2 | I12: 2.2 | J12: 4.84 | K12: =I12*IF(F12>0,F12,G12) -> 4.84
A13: H2-O2 | B13: EXTERIOR | C13: VENTANA | D13: 1 | E13: 1 | G13: 2.2 | H13: 2.2 | I13: 1.14 | J13: 2.51 | K13: =I13*IF(F13>0,F13,G13) -> 2.508
A15: F2.1 | B15: NH | C15: SUELO | D15: 1 | E15: 0 | F15: - | G15: - | H15: - | I15: 0.19 | J15: -
A16: F3.1 | B16: NH | C16: TECHO | D16: 1 | E16: 0 | F16: - | G16: - | H16: - | I16: 0.16 | J16: -
A18: TOTALES PLANTA 02 | F18: 99.40 28.60 128.00 | J18: 56.8 | K18: =SUM(K5:K13) -> 56.804
A19: PLANTA BAJOCUBIERTA. P03
A20: M2.N1 | B20: EXTERIOR | C20: M. FACHADA | D20: 0 | E20: - | F20: - | G20: - | H20: - | I20: 0.22 | J20: -
A21: M2.E1 | B21: EXTERIOR | C21: M. FACHADA | D21: 0 | E21: - | F21: - | G21: - | H21: - | I21: 0.22 | J21: -
A22: M2.S1 | B22: EXTERIOR | C22: M. FACHADA | D22: 0 | E22: - | F22: - | G22: - | H22: - | I22: 0.22 | J22: -
A23: M2.O1 | B23: EXTERIOR | C23: M. FACHADA | D23: 0 | E23: - | F23: - | G23: - | H23: - | I23: 0.22 | J23: -
A24: F3.1 | B24: NH | C24: SUELO | D24: 0 | E24: - | F24: - | G24: - | H24: - | I24: 0.16 | J24: -
A25: C3-N1 | B25: EXTERIOR | C25: CUBIERTA | D25: 0 | E25: - | F25: - | G25: - | H25: - | I25: 0.17 | J25: -
A26: C3-E1 | B26: EXTERIOR | C26: CUBIERTA | D26: 0 | E26: - | F26: - | G26: - | H26: - | I26: 0.17 | J26: -
A27: C3-S1 | B27: EXTERIOR | C27: CUBIERTA | D27: 0 | E27: - | F27: - | G27: - | H27: - | I27: 0.17 | J27: -
A28: C3-O1 | B28: EXTERIOR | C28: CUBIERTA | D28: 0 | E28: - | F28: - | G28: - | H28: - | I28: 0.17 | J28: -
A30: TOTALES PLANTA 03 | F30: 0 | G30: 0 | H30: 0
A32: TOTALES EDIFICIO | F32: 99.4 | G32: 28.6 | H32: 128 | J32: 56.8

Sheet Huecos+Opacos
A2: Nombre | B2: Orientacion | C2: tipo | D2: longitud 1 | E2: longitud 2 | F2: area opaca | H2: U W/(m^2 K) | I2: H | K2: Fraccion de marco | M2: Rad solar H_sol;jul kWh/m^2
A3: P02_E01_PE001 | B3: Sur | C3: MURO EXTERIOR | D3: 8 | E3: 4 | F3: =D3*E3-G13 -> 21 | H3: =_xlfn.XLOOKUP('Huecos+Opacos'!C3,'Elementos constructivos'!A:A,'Elementos constructivos'!B:B,1) -> 0.21346833 | I3: =F3*H3 -> 4.4828349
A4: P02_E01_PE002 | B4: Este | C4: MURO EXTERIOR | D4: 8 | E4: 4 | F4: =D4*E4-G14 -> 25.4 | H4: =_xlfn.XLOOKUP('Huecos+Opacos'!C4,'Elementos constructivos'!A:A,'Elementos constructivos'!B:B,1) -> 0.21346833 | I4: =F4*H4 -> 5.4220956
A5: P02_E01_PE003 | B5: Norte | C5: MURO EXTERIOR | D5: 8 | E5: 4 | F5: =D5*E5-G15 -> 25.4 | H5: =_xlfn.XLOOKUP('Huecos+Opacos'!C5,'Elementos constructivos'!A:A,'Elementos constructivos'!B:B,1) -> 0.21346833 | I5: =F5*H5 -> 5.4220956
A6: P02_E01_PE004 | B6: Oeste | C6: MURO EXTERIOR | D6: 8 | E6: 4 | F6: =D6*E6-SUM(G16:G17) -> 27.6 | H6: =_xlfn.XLOOKUP('Huecos+Opacos'!C6,'Elementos constructivos'!A:A,'Elementos constructivos'!B:B,1) -> 0.21346833 | I6: =F6*H6 -> 5.8917259
A8: P2_E01_FI002 | C8: techo | F8: =64 -> 64 | H8: ='Analisis atico'!K14 -> 0.16862666 | I8: =F8*H8 -> 10.792106
A12: Nombre | B12: Orientacion | C12: tipo | D12: ancho W | E12: alto H | F12: retranqueo R | G12: Sup. HUECO (m²) | H12: U W/(m^2 K) | I12: H W/K | K12: Fracción de marco | L12: TransmisividadJulio | M12: H_sol;jul (kWh / m^2) | N12: g_gl;wi | O12: g_gl;sh;wi | Q12: F_gl;sh,obst | R12: Ganancia Solar de Julio a través del hueco (KWh/m^2) | S12: Solar Gain | U12: R/H | V12: R/W
A13: P02_E01_PE001_V | B13: Sur | C13: ventana | D13: 5 | E13: 2.2 | F13: 0.5 | G13: =D13*E13 -> 11 | H13: 1.13 | I13: =H13*G13 -> 12.43 | K13: 0.25 | L13: 0.05 | M13: ='Hsol;jul Pensinsula'!F13 -> 82.09 | N13: 0.42 | O13: 0.05 | P13: 0.62 | Q13: 0.56 | R13: =M13*N13*O13 -> 1.72389 | S13: =G13*(1-K13)*M13*O13*Q13 -> 18.96279 | U13: =F13/E13 -> 0.22727273 | V13: =F13/D13 -> 0.1
A14: P02_E01_PE002_V | B14: Este | C14: ventana | D14: 3 | E14: 2.2 | F14: 0.5 | G14: =D14*E14 -> 6.6 | H14: 1.13 | I14: =H14*G14 -> 7.458 | K14: 0.25 | L14: 0.05 | M14: ='Hsol;jul Pensinsula'!D13 -> 114.88 | N14: 0.61 | O14: 0.05 | Q14: 0.84 | R14: =M14*N14*O14 -> 3.50384 | S14: =G14*(1-K14)*M14*O14*Q14 -> 23.883552
A15: P02_E01_PE003_V | B15: Norte | C15: ventana | D15: 3 | E15: 2.2 | F15: 0.5 | G15: =D15*E15 -> 6.6 | H15: 1.13 | I15: =H15*G15 -> 7.458 | K15: 0.25 | L15: 0.05 | M15: ='Hsol;jul Pensinsula'!J13 -> 56.67 | N15: 0.61 | O15: 0.05 | Q15: 0.83 | R15: =M15*N15*O15 -> 1.728435 | S15: =G15*(1-K15)*M15*O15*Q15 -> 11.641435
A16: P02_E01_PE004_V1 | B16: Oeste | C16: PTA | D16: 1 | E16: 2.2 | G16: =D16*E16 -> 2.2 | H16: 2.2 | I16: =H16*G16 -> 4.84 | K16: 1 | N16: 0.61 | O16: 0 | Q16: 0.81 | R16: =M17*N16*O16 -> 0 | S16: =G16*(1-K16)*M16*O16*Q16 -> 0
A17: P02_E01_PE004_V2 | B17: Oeste | C17: ventana | D17: 1 | E17: 2.2 | F17: 0.5 | G17: =D17*E17 -> 2.2 | H17: 1.13 | I17: =H17*G17 -> 2.486 | K17: 0.25 | L17: 0.05 | M17: ='Hsol;jul Pensinsula'!H13 -> 106.71 | N17: 0.42 | O17: 0.05 | Q17: 0.81 | R17: =M17*N17*O17 -> 2.24091 | S17: =G17*(1-K17)*M17*O17*Q17 -> 7.1308958
A19: ]total | I19: =SUM(I3:I17) -> 66.682858

Sheet Hsol;jul Pensinsula
A1: Z.C. | B1: Horiz. | C1: NE | D1: E | E1: SE | F1: S | G1: SO | H1: O | I1: NO | J1: N
A2: A3 | B2: 220.36 | C2: 96.73 | D2: 127.81 | E2: 117.82 | F2: 89.53 | G2: 115.84 | H2: 124.7 | I2: 94.3 | J2: 59.39
A3: A4 | B3: 235.35 | C3: 99.25 | D3: 132.86 | E3: 123.7 | F3: 94.78 | G3: 123.83 | H3: 133.97 | I3: 100.69 | J3: 61.12
A4: B3 | B4: 220.33 | C4: 92.03 | D4: 121.85 | E4: 114.45 | F4: 89.73 | G4: 114.64 | H4: 122.02 | I4: 92.07 | J4: 57.92
A5: B4 | B5: 235.31 | C5: 101.7 | D5: 135.64 | E5: 125.09 | F5: 94.13 | G5: 121.94 | H5: 131.14 | I5: 98.48 | J5: 61
A6: C1 | B6: 195.77 | C6: 88.49 | D6: 114.47 | E6: 106.12 | F6: 81.72 | G6: 101.55 | H6: 108.06 | I6: 84 | J6: 56.85
A7: C2 | B7: 217.19 | C7: 96.61 | D7: 128.05 | E7: 117.89 | F7: 88.17 | G7: 111.22 | H7: 118.78 | I7: 90.17 | J7: 58.23
A8: C3 | B8: 220.34 | C8: 97.05 | D8: 128.62 | E8: 118.69 | F8: 89.37 | G8: 115.69 | H8: 125.22 | I8: 95.24 | J8: 59.61
A9: C4 | B9: 235.35 | C9: 101.78 | D9: 136.41 | E9: 126.01 | F9: 94.84 | G9: 121.68 | H9: 130.08 | I9: 97.16 | J9: 60.36
A10: D1 | B10: 195.8 | C10: 88.53 | D10: 114.54 | E10: 106.15 | F10: 81.96 | G10: 101.33 | H10: 107.19 | I10: 82.96 | J10: 56.51
A11: D2 | B11: 217.18 | C11: 94.76 | D11: 125.48 | E11: 116.31 | F11: 88.51 | G11: 113.39 | H11: 121.59 | I11: 92.18 | J11: 58.27
A12: D3 | B12: 220.32 | C12: 94.22 | D12: 124.81 | E12: 116.03 | F12: 89.15 | G12: 115.91 | H12: 125.24 | I12: 94.95 | J12: 58.91
A13: E1 | B13: 195.79 | C13: 88.95 | D13: 114.88 | E13: 106.34 | F13: 82.09 | G13: 101.16 | H13: 106.71 | I13: 82.58 | J13: 56.67

Sheet Vidrios
B1: SHADING-COEF | C1: Factor solar
A2: Vidrio Sur | B2: 0.4883721 | C2: 0.42
A3: Vidrio Norte | B3: 0.7093023 | C3: 0.61

Sheet Puentes termicos
B1: longitud (m) | C1: Psi W/(m K)
A2: Frentes de forjado | B2: 32 | C2: 0.1 | D2: =B2*C2 -> 3.2 | P2: =B8-130 -> 30.2
A3: Cubiertas planas | B3: 62.2 | C3: 0.225 | D3: =B3*C3 -> 13.995
A4: Esquinas exteriores | B4: 18 | C4: 0.043 | D4: =B4*C4 -> 0.774
A5: Alfeizar | B5: 13 | C5: 0.51 | D5: =B5*C5 -> 6.63
A6: Dinteles | B6: 13 | C6: 0 | D6: =B6*C6 -> 0
A7: Jambas | B7: 22 | C7: 0.01 | D7: =B7*C7 -> 0.22
B8: =SUM(B2:B7) -> 160.2 | D8: =SUM(D2:D7) -> 24.819

Sheet Elementos constructivos
A1: Material | B1: U W/(m2K)
A2: MURO EXTERIOR | B2: ='MURO EXTERIOR'!D13 -> 0.21346833
A3: FOR INT AC-NH

Sheet FOR INT AC-NH
A1: capas | B1: espesor (m) | C1: Cond. λ (W/m·K | D1: R.T. | E1: Resistencia termica m^2 K / W | F1: U W / (m^2 K)
A2: 1 Plaqueta de gres | B2: 0.01 | C2: 2.3 | E2: =IFERROR(B2/C2,D2) -> 0.0043478261
A3: 2 Mortero de cemento | B3: 0.055 | C3: 0.55 | E3: =IFERROR(B3/C3,D3) -> 0.1
A4: 3 XPS Expandido (λ:0,034 (W/m·K) | B4: 0.12 | C4: 0.034 | E4: =IFERROR(B4/C4,D4) -> 3.5294118
A5: 4 FU entrevigado cerámico | B5: 0.25 | C5: 0.908 | E5: =IFERROR(B5/C5,D5) -> 0.2753304
A6: 5 Cámara de aire sin ventilar horizontal | B6: 0.05 | D6: ='R capas de aire sin ventilar '!B5 -> 0.16 | E6: =IFERROR(B6/C6,D6) -> 0.16
A7: 6 Placa de yeso laminado | B7: 0.015 | C7: 0.25 | E7: =IFERROR(B7/C7,D7) -> 0.06
A8: Rsi | E8: ='Resistencias superficiales'!F6 -> 0.1
A9: Rse | E9: ='Resistencias superficiales'!E6 -> 0.1
A10: R | E10: =SUM(E2:E9) -> 4.32909 | F10: =1/E10 -> 0.23099543

Sheet TAB INT
A1: capas | B1: espesor (m) | C1: Cond. λ W/(m^2 K) | D1: R
A2: 1 Placa de yeso laminado | B2: 0.013 | C2: 0.25 | D2: =B2/C2 -> 0.052
A3: 2 Placa de yeso laminado | B3: 0.013 | C3: 0.25 | D3: =B3/C3 -> 0.052
A4: 3 MW Lana mineral (λ:0.041 (W/m·K) | B4: 0.04 | C4: 0.041 | D4: =B4/C4 -> 0.97560976
A5: 4 Placa de yeso laminado | B5: 0.013 | C5: 0.25 | D5: =B5/C5 -> 0.052
A6: 5 Placa de yeso laminado | B6: 0.013 | C6: 0.25 | D6: =B6/C6 -> 0.052
A7: Rse | D7: ='Resistencias superficiales'!E5 -> 0.13
A8: Rsi | D8: ='Resistencias superficiales'!F5 -> 0.13
A9: R | D9: =SUM(D2:D8) -> 1.4436098
A10: U W / (m^2 K) | D10: =1/D9 -> 0.69270798

Sheet MURO EXTERIOR
A1: capas | B1: espesor (m) | C1: Cond. λ W/(m·K) | D1: Resistencia
A2: 1 Mortero de cemento | B2: 0.03 | C2: 0.55 | D2: =B2/C2 -> 0.054545455
A3: 2 EPS Poliestireno | B3: 0.14 | C3: 0.038 | D3: =B3/C3 -> 3.6842105
A4: 3 1 pie LP métrico o catalán | B4: 0.24 | C4: 0.667 | D4: =B4/C4 -> 0.35982009
A5: 4 Mortero de cemento | B5: 0.01 | C5: 0.55 | D5: =B5/C5 -> 0.018181818
A6: 5 Cámara de aire sin ventilar vertical | B6: 0.05 | C6: =_xlfn.XLOOKUP(B6,'R capas de aire sin ventilar '!A3:A5,'R capas de aire sin ventilar '!C3:C5) -> 0.18 | D6: =B6/C6 -> 0.27777778
A7: 6 Placa de yeso laminado | B7: 0.015 | C7: 0.25 | D7: =B7/C7 -> 0.06
A8: 7 Placa de yeso laminado | B8: 0.015 | C8: 0.25 | D8: =B8/C8 -> 0.06
A9: Sub Total | B9: =SUM(B2:B8) -> 0.5 | D9: =SUM(D2:D8) -> 4.5145357
A10: Rse | D10: ='Resistencias superficiales'!E2 -> 0.04
A11: Rsi | D11: ='Resistencias superficiales'!F2 -> 0.13
A12: R | D12: =SUM(D9:D11) -> 4.6845357
A13: U W/(m^2 K) | D13: =1/D12 -> 0.21346833 | E13: las transmitancias se redondean hacia arriba (option conservativa)

Sheet CUB IN TEJA
A1: capas | B1: espesor (m) | C1: Cond. λ W/(m·K) | D1: R
A2: 1 Teja de arcilla cocida | B2: 0.015 | C2: 1000 | D2: =B2/C2 -> 1.5e-05
A3: 2 Cámara aire ventilada, flujo ascend. | B3: 0.05 | C3: 0.06 | D3: =B3/C3 -> 0.83333333
A4: 3 XPS Expandido | B4: 0.16 | C4: 0.034 | D4: =B4/C4 -> 4.7058824
A5: 4 Betún fieltro o lámina | B5: 0.01 | C5: 0.23 | D5: =B5/C5 -> 0.043478261
A6: 5 Forjado Entrevigado EPS mecanizado | B6: 0.25 | C6: 0.266 | D6: =B6/C6 -> 0.93984962
A7: 6 Placa de yeso laminado | B7: 0.015 | C7: 0.25 | D7: =B7/C7 -> 0.06
A8: Rsi
A9: Rse
A10: R.T | D10: =SUM(D2:D9) -> 6.5825586
A11: U | D11: =1/D10 -> 0.15191661

Sheet Analisis atico
A1: Id | B1: Material | C1: Orientacion | D1: largo | E1: alto | F1: Perimetro | G1: area | H1: U_forjado | I1: A_h_nh/A_nh_e | J1: Coef b | K1: U_forjado_adj | L1: H
A2: P02_E01_FI002 | B2: FOR INT AC-NH | C2: horizontal | D2: =l -> 8 | F2: =4*D2 -> 32 | G2: =l^2 -> 64
A3: P02 total | G3: =G2 -> 64 | H3: ='FOR INT AC-NH'!F10 -> 0.23099543
A5: P03_E02_PE001 | B5: MURO EXTERIOR | C5: S | F5: =l -> 8 | G5: =l*grosor_muros -> 4
A6: P03_E02_PE002 | B6: MURO EXTERIOR | C6: E | F6: =l -> 8 | G6: =l*grosor_muros -> 4
A7: P03_E02_PE003 | B7: MURO EXTERIOR | C7: N | F7: =l -> 8 | G7: =l*grosor_muros -> 4
A8: P03_E02_PE004 | B8: MURO EXTERIOR | C8: O | F8: =l -> 8 | G8: =l*grosor_muros -> 4
A9: P03_E02C001 | B9: CUB IN TEJA | C9: S | D9: =l -> 8 | E9: =l/SQRT(2) -> 5.6568542 | G9: =D9*E9/2 -> 22.627417
A10: P03_E02C002 | B10: CUB IN TEJA | C10: E | D10: =l -> 8 | E10: =l/SQRT(2) -> 5.6568542 | G10: =D10*E10/2 -> 22.627417
A11: P03_E02C003 | B11: CUB IN TEJA | C11: N | D11: =l -> 8 | E11: =l/SQRT(2) -> 5.6568542 | G11: =D11*E11/2 -> 22.627417
A12: P03_E02C004 | B12: CUB IN TEJA | C12: O | D12: =l -> 8 | E12: =l/SQRT(2) -> 5.6568542 | G12: =D12*E12/2 -> 22.627417
A13: P03 total | G13: =SUM(G5:G12) -> 106.50967
I14: =A_h_nh/A_nh_e -> 0.60088442 | J14: =P25 -> 0.73 | K14: =H3*J14 -> 0.16862666 | L14: =K14*A_h_nh -> 10.792106
O20: Linear Interpolation
O21: X | P21: Y
O22: ='Tabla 7 Coef b'!B4 -> 0.5 | P22: ='Tabla 7 Coef b'!G4 -> 0.77
O23: ='Tabla 7 Coef b'!B5 -> 0.75 | P23: ='Tabla 7 Coef b'!G5 -> 0.67
O25: ='Analisis atico'!I14 -> 0.60088442 | P25: =_xlfn.FORECAST.LINEAR(0.6,P22:P23,O22:O23) -> 0.73

Sheet Suelo con camara de aire ventil
A1: El siguiente ejemplo se refiere a la partición horizontal (forjado) que separa en todos los casos de estudio la planta baja de la cámara sanitaria. Su ejecución se realiza mediante encofrado perdido. Se trata de un caso particular de las particiones interiores que hemos visto hasta ahora. Para el caso de los suelos en contacto con cámaras sanitarias en el DA DB-HE/1 se propone un procedimiento de cálculo para las cámaras de aire ventiladas que cumplan simultáneamente las siguientes condiciones:
A3: COMPOSICIÓN DEL CERRAMIENTO
A4: capas | B4: espesor (m) | C4: Cond. λ (W/m·K ) | D4: R | E4: U.tot | G4: A_h_nh | H4: A_nh_e | I4: A_h_nh/A_nh_e | J4: b | K4: U_forjadosanit
A5: 1 Plaqueta de gres | B5: 0.01 | C5: 2.3 | D5: =B5/C5 -> 0.0043478261 | G5: 64 | H5: =64+8*4*1 -> 96 | I5: =G5/H5 -> 0.66666667 | J5: ='Tabla 7 Coef b'!C5 -> 0.96 | K5: =E13*J5 -> 0.20683608
A6: 2 Mortero de cemento | B6: 0.025 | C6: 0.55 | D6: =B6/C6 -> 0.045454545
A7: 3 Mortero de cemento de difusión | B7: 0.06 | C7: 0.55 | D7: =B7/C7 -> 0.10909091
A8: 4 XPS Expandido (λ:0.034 (W/m·K) | B8: 0.1 | C8: 0.034 | D8: =B8/C8 -> 2.9411765
A9: 5 Forjado Entrevigado EPS mecanizado | B9: 0.3 | C9: 0.256 | D9: =B9/C9 -> 1.171875
A10: 6 Lámina de cloruro de polivinilo (PVC) | B10: 0.005 | C10: 0.17 | D10: =B10/C10 -> 0.029411765
A11: Rsi | D11: ='Resistencias superficiales'!F7 -> 0.17
A12: Rse | D12: ='Resistencias superficiales'!E7 -> 0.17
A13: R.Tot | D13: =SUM(D5:D12) -> 4.6413565 | E13: =1/D13 -> 0.21545425

Sheet Tabla 7 Coef b
C1: No aislado nh-e- Aislado h-nh | E1: No aisladonh-e-No aisladoh-nh | G1: Aisladonh-e-No aisladoh-nh
A2: Ah-nh/Anh-e | C2: CASO 1 | D2: CASO 2 | E2: CASO 1 | F2: CASO 2 | G2: CASO 1 | H2: CASO 2 | I2: Ah-nh/Anh-e
A3: <0.25 | B3: 0.25 | C3: 0.99 | D3: 1 | E3: 0.94 | F3: 0.97 | G3: 0.91 | H3: 0.96 | L3: =FORECAST(#REF!,OFFSET(knownY,MATCH(#REF!,knownX,1)-1,0,2),OFFSET(knownX,MATCH(#REF!,knownX,1)-1,0,2)) -> #REF!
A4: 0.25 ≤0.50 | B4: 0.5 | C4: 0.97 | D4: 0.99 | E4: 0.85 | F4: 0.92 | G4: 0.77 | H4: 0.9 | L4: =FORECAST(B3,OFFSET(knownY,MATCH(B3,knownX,1)-1,0,2),OFFSET(knownX,MATCH(B3,knownX,1)-1,0,2)) -> 0.91
A5: 0.50 ≤0.75 | B5: 0.75 | C5: 0.96 | D5: 0.98 | E5: 0.77 | F5: 0.87 | G5: 0.67 | H5: 0.84 | L5: =FORECAST(B4,OFFSET(knownY,MATCH(B4,knownX,1)-1,0,2),OFFSET(knownX,MATCH(B4,knownX,1)-1,0,2)) -> 0.77
A6: 0.75 ≤1.00 | B6: 1 | C6: 0.94 | D6: 0.97 | E6: 0.7 | F6: 0.83 | G6: 0.59 | H6: 0.79 | L6: =FORECAST(B5,OFFSET(knownY,MATCH(B5,knownX,1)-1,0,2),OFFSET(knownX,MATCH(B5,knownX,1)-1,0,2)) -> 0.67
A7: 1.00 ≤1.25 | B7: 1.25 | C7: 0.92 | D7: 0.96 | E7: 0.65 | F7: 0.79 | G7: 0.53 | H7: 0.74 | L7: =FORECAST(B6,OFFSET(knownY,MATCH(B6,knownX,1)-1,0,2),OFFSET(knownX,MATCH(B6,knownX,1)-1,0,2)) -> 0.59
A8: 1.25 ≤2.00 | B8: 2 | C8: 0.89 | D8: 0.95 | E8: 0.56 | F8: 0.73 | G8: 0.44 | H8: 0.67 | L8: =FORECAST(B7,OFFSET(knownY,MATCH(B7,knownX,1)-1,0,2),OFFSET(knownX,MATCH(B7,knownX,1)-1,0,2)) -> 0.53
A9: 2.00 ≤2.50 | B9: 2.5 | C9: 0.86 | D9: 0.93 | E9: 0.48 | F9: 0.66 | G9: 0.36 | H9: 0.59 | L9: =FORECAST(B8,OFFSET(knownY,MATCH(B8,knownX,1)-1,0,2),OFFSET(knownX,MATCH(B8,knownX,1)-1,0,2)) -> 0.44
A10: 2.50 ≤3.00 | B10: 3 | C10: 0.83 | D10: 0.91 | E10: 0.43 | F10: 0.61 | G10: 0.32 | H10: 0.54 | L10: =FORECAST(B9,OFFSET(knownY,MATCH(B9,knownX,1)-1,0,2),OFFSET(knownX,MATCH(B9,knownX,1)-1,0,2)) -> 0.36
A11: >3.00 | C11: 0.81 | D11: 0.9 | E11: 0.39 | F11: 0.57 | G11: 0.28 | H11: 0.5
J13: ='Analisis atico'!I14 -> 0.60088442

Sheet Resistencias superficiales
A1: Posicion | B1: Tipo | C1: Flujo | D1: direccion | E1: Rse | F1: Rsi
A2: vertical | B2: Cerramiento exterior | C2: horizontal | D2: interior | E2: 0.04 | F2: 0.13
A3: horizontal | B3: Cerramiento exterior | C3: vertical | D3: ascendente (techo) | E3: 0.04 | F3: 0.1
A4: horizontal | B4: Cerramiento exterior | C4: vertical | D4: descendente (suelo) | E4: 0.04 | F4: 0.17
A5: vertical | B5: Particion interior | C5: horizontal | D5: interior | E5: 0.13 | F5: 0.13
A6: horizontal | B6: Particion interior | C6: vertical | D6: ascendente (techo) | E6: 0.1 | F6: 0.1
A7: horizontal | B7: Particion interior | C7: vertical | D7: descendente (suelo) | E7: 0.17 | F7: 0.17

Sheet R capas de aire sin ventilar 
B1: Sin ventilar
A2: e (m) | B2: horizontal | C2: vertical
A3: 0.01 | B3: 0.15 | C3: 0.15
A4: 0.02 | B4: 0.16 | C4: 0.17
A5: 0.05 | B5: 0.16 | C5: 0.18
